"SavedAt","Source","Encoding","HasCodeBlock","HasPointBlock","HasStyledHtml"
"2026-09-09T04:39:37.663Z","D:\Smind\recovery\edge-indexeddb\file__0.indexeddb.leveldb\000119.log","utf8","False","False","False"
"2026-09-09T04:39:37.663Z","D:\Smind\recovery\edge-indexeddb\file__0.indexeddb.leveldb\000119.log","utf8","False","False","False"
"2026-09-09T04:36:08.510Z","D:\Smind\recovery\edge-indexeddb\file__0.indexeddb.leveldb\000119.log","utf8","False","False","False"
"2026-09-09T04:36:08.510Z","D:\Smind\recovery\edge-indexeddb\file__0.indexeddb.leveldb\000119.log","utf8","False","False","False"
"2026-09-09T04:36:08.510Z","D:\Smind\recovery\edge-indexeddb\file__0.indexeddb.leveldb\000119.log","utf8","False","False","False"
"2026-09-09T04:36:08.510Z","D:\Smind\recovery\edge-indexeddb\file__0.indexeddb.leveldb\000119.log","utf8","False","False","False"
"2026-09-09T04:36:00.623Z","D:\Smind\recovery\edge-indexeddb\file__0.indexeddb.leveldb\000119.log","utf8","False","False","False"
"2026-09-09T04:36:00.623Z","D:\Smind\recovery\edge-indexeddb\file__0.indexeddb.leveldb\000119.log","utf8","False","False","False"
"2026-09-09T04:36:00.623Z","D:\Smind\recovery\edge-indexeddb\file__0.indexeddb.leveldb\000119.log","utf8","False","False","False"
"2026-09-09T04:36:00.623Z","D:\Smind\recovery\edge-indexeddb\file__0.indexeddb.leveldb\000119.log","utf8","False","False","False"
"2026-09-09T04:32:44.080Z","D:\Smind\recovery\edge-indexeddb\file__0.indexeddb.leveldb\000119.log","utf8","False","False","False"
"2026-09-09T04:32:44.080Z","D:\Smind\recovery\edge-indexeddb\file__0.indexeddb.leveldb\000119.log","utf8","False","False","False"
"2026-09-09T04:32:44.080Z","D:\Smind\recovery\edge-indexeddb\file__0.indexeddb.leveldb\000119.log","utf8","False","False","False"
"2026-09-09T04:32:44.080Z","D:\Smind\recovery\edge-indexeddb\file__0.indexeddb.leveldb\000119.log","utf8","False","False","False"
"2026-09-09T04:32:34.830Z","D:\Smind\recovery\edge-indexeddb\file__0.indexeddb.leveldb\000119.log","utf8","False","False","False"
"2026-09-09T04:32:34.830Z","D:\Smind\recovery\edge-indexeddb\file__0.indexeddb.leveldb\000119.log","utf8","False","False","False"
"2026-09-09T04:32:34.830Z","D:\Smind\recovery\edge-indexeddb\file__0.indexeddb.leveldb\000119.log","utf8","False","False","False"
"2026-09-09T04:32:34.830Z","D:\Smind\recovery\edge-indexeddb\file__0.indexeddb.leveldb\000120.ldb","utf8","False","False","False"
"2026-09-09T04:31:35.459Z","D:\Smind\recovery\edge-indexeddb\file__0.indexeddb.leveldb\000119.log","utf8","False","False","False"
"2026-09-09T04:31:35.459Z","D:\Smind\recovery\edge-indexeddb\file__0.indexeddb.leveldb\000120.ldb","utf8","False","False","False"
"2026-09-09T04:31:35.459Z","D:\Smind\recovery\edge-indexeddb\file__0.indexeddb.leveldb\000120.ldb","utf8","False","False","False"
"2026-09-09T04:31:34.309Z","D:\Smind\recovery\edge-indexeddb\file__0.indexeddb.leveldb\000120.ldb","utf8","False","False","False"
"2026-09-09T04:31:34.309Z","D:\Smind\recovery\edge-indexeddb\file__0.indexeddb.leveldb\000120.ldb","utf8","False","False","False"
"2026-09-09T04:31:34.309Z","D:\Smind\recovery\edge-indexeddb\file__0.indexeddb.leveldb\000120.ldb","utf8","False","False","False"
"2026-09-09T04:31:34.309Z","D:\Smind\recovery\edge-indexeddb\file__0.indexeddb.leveldb\000120.ldb","utf8","False","False","False"
"2026-09-09T04:31:32.290Z","D:\Smind\recovery\edge-indexeddb\file__0.indexeddb.leveldb\000120.ldb","utf8","False","False","False"
"2026-09-09T04:31:32.290Z","D:\Smind\recovery\edge-indexeddb\file__0.indexeddb.leveldb\000120.ldb","utf8","False","False","False"
"2026-09-09T04:31:32.290Z","D:\Smind\recovery\edge-indexeddb\file__0.indexeddb.leveldb\000120.ldb","utf8","False","False","False"
"2026-09-09T04:31:32.290Z","D:\Smind\recovery\edge-indexeddb\file__0.indexeddb.leveldb\000120.ldb","utf8","False","False","False"
"2026-09-09T04:31:30.429Z","D:\Smind\recovery\edge-indexeddb\file__0.indexeddb.leveldb\000120.ldb","utf8","False","False","False"
"2026-09-09T04:31:30.429Z","D:\Smind\recovery\edge-indexeddb\file__0.indexeddb.leveldb\000120.ldb","utf8","False","False","False"
"2026-09-09T04:31:30.429Z","D:\Smind\recovery\edge-indexeddb\file__0.indexeddb.leveldb\000120.ldb","utf8","False","False","False"
"2026-09-09T04:31:30.429Z","D:\Smind\recovery\edge-indexeddb\file__0.indexeddb.leveldb\000120.ldb","utf8","False","False","False"
"2026-09-09T04:31:27.111Z","D:\Smind\recovery\edge-indexeddb\file__0.indexeddb.leveldb\000120.ldb","utf8","False","False","False"
"2026-09-09T04:31:27.111Z","D:\Smind\recovery\edge-indexeddb\file__0.indexeddb.leveldb\000120.ldb","utf8","False","False","False"
"2026-09-09T04:31:27.111Z","D:\Smind\recovery\edge-indexeddb\file__0.indexeddb.leveldb\000120.ldb","utf8","False","False","False"
"2026-09-09T04:31:27.111Z","D:\Smind\recovery\edge-indexeddb\file__0.indexeddb.leveldb\000120.ldb","utf8","False","False","False"
"2026-09-09T04:31:21.478Z","D:\Smind\recovery\edge-indexeddb\file__0.indexeddb.leveldb\000120.ldb","utf8","False","False","False"
"2026-09-09T04:31:21.478Z","D:\Smind\recovery\edge-indexeddb\file__0.indexeddb.leveldb\000120.ldb","utf8","False","False","False"
"2026-09-09T04:31:21.478Z","D:\Smind\recovery\edge-indexeddb\file__0.indexeddb.leveldb\000120.ldb","utf8","False","False","False"
"2026-09-09T04:31:21.478Z","D:\Smind\recovery\edge-indexeddb\file__0.indexeddb.leveldb\000120.ldb","utf8","False","False","False"
"2026-09-09T04:30:41.319Z","D:\Smind\recovery\edge-indexeddb\file__0.indexeddb.leveldb\000120.ldb","utf8","False","False","False"
"2026-09-09T04:30:41.319Z","D:\Smind\recovery\edge-indexeddb\file__0.indexeddb.leveldb\000120.ldb","utf8","False","False","False"
"2026-09-09T04:30:41.319Z","D:\Smind\recovery\edge-indexeddb\file__0.indexeddb.leveldb\000120.ldb","utf8","False","False","False"
"2026-09-09T04:30:41.319Z","D:\Smind\recovery\edge-indexeddb\file__0.indexeddb.leveldb\000120.ldb","utf8","False","False","False"
"2026-09-09T04:30:34.533Z","D:\Smind\recovery\edge-indexeddb\file__0.indexeddb.leveldb\000120.ldb","utf8","False","False","False"
"2026-09-09T04:30:34.533Z","D:\Smind\recovery\edge-indexeddb\file__0.indexeddb.leveldb\000120.ldb","utf8","False","False","False"
"2026-09-09T04:30:34.533Z","D:\Smind\recovery\edge-indexeddb\file__0.indexeddb.leveldb\000120.ldb","utf8","False","False","False"
"2026-09-09T04:30:34.533Z","D:\Smind\recovery\edge-indexeddb\file__0.indexeddb.leveldb\000120.ldb","utf8","False","False","False"
"2026-09-09T04:30:29.164Z","D:\Smind\recovery\edge-indexeddb\file__0.indexeddb.leveldb\000120.ldb","utf8","False","False","False"
"2026-09-09T04:30:29.164Z","D:\Smind\recovery\edge-indexeddb\file__0.indexeddb.leveldb\000120.ldb","utf8","False","False","False"
"2026-09-09T04:30:29.164Z","D:\Smind\recovery\edge-indexeddb\file__0.indexeddb.leveldb\000120.ldb","utf8","False","False","False"
"2026-09-09T04:30:29.164Z","D:\Smind\recovery\edge-indexeddb\file__0.indexeddb.leveldb\000120.ldb","utf8","False","False","False"
"2026-09-09T04:30:24.534Z","D:\Smind\recovery\edge-indexeddb\file__0.indexeddb.leveldb\000120.ldb","utf8","False","False","False"
"2026-09-09T04:30:24.534Z","D:\Smind\recovery\edge-indexeddb\file__0.indexeddb.leveldb\000120.ldb","utf8","False","False","False"
"2026-09-09T04:30:24.534Z","D:\Smind\recovery\edge-indexeddb\file__0.indexeddb.leveldb\000120.ldb","utf8","False","False","False"
"2026-09-09T04:30:24.534Z","D:\Smind\recovery\edge-indexeddb\file__0.indexeddb.leveldb\000120.ldb","utf8","False","False","False"
"2026-09-09T04:30:22.232Z","D:\Smind\recovery\edge-indexeddb\file__0.indexeddb.leveldb\000120.ldb","utf8","False","False","False"
"2026-09-09T04:30:22.232Z","D:\Smind\recovery\edge-indexeddb\file__0.indexeddb.leveldb\000120.ldb","utf8","False","False","False"
"2026-09-09T04:30:22.232Z","D:\Smind\recovery\edge-indexeddb\file__0.indexeddb.leveldb\000120.ldb","utf8","False","False","False"
"2026-09-09T04:30:22.232Z","D:\Smind\recovery\edge-indexeddb\file__0.indexeddb.leveldb\000120.ldb","utf8","False","False","False"
"2026-09-09T04:30:17.291Z","D:\Smind\recovery\edge-indexeddb\file__0.indexeddb.leveldb\000120.ldb","utf8","False","False","False"
"2026-09-09T04:30:17.291Z","D:\Smind\recovery\edge-indexeddb\file__0.indexeddb.leveldb\000120.ldb","utf8","False","False","False"
"2026-09-09T04:30:17.291Z","D:\Smind\recovery\edge-indexeddb\file__0.indexeddb.leveldb\000120.ldb","utf8","False","False","False"
"2026-09-09T04:30:17.291Z","D:\Smind\recovery\edge-indexeddb\file__0.indexeddb.leveldb\000120.ldb","utf8","False","False","False"
"2026-09-09T04:30:13.256Z","D:\Smind\recovery\edge-indexeddb\file__0.indexeddb.leveldb\000120.ldb","utf8","False","False","False"
"2026-09-09T04:30:13.256Z","D:\Smind\recovery\edge-indexeddb\file__0.indexeddb.leveldb\000120.ldb","utf8","False","False","False"
"2026-09-09T04:30:13.256Z","D:\Smind\recovery\edge-indexeddb\file__0.indexeddb.leveldb\000120.ldb","utf8","False","False","False"
"2026-09-09T04:30:13.256Z","D:\Smind\recovery\edge-indexeddb\file__0.indexeddb.leveldb\000120.ldb","utf8","False","False","False"
"2026-09-09T04:30:06.592Z","D:\Smind\recovery\edge-indexeddb\file__0.indexeddb.leveldb\000120.ldb","utf8","False","False","False"
"2026-09-09T04:30:06.592Z","D:\Smind\recovery\edge-indexeddb\file__0.indexeddb.leveldb\000120.ldb","utf8","False","False","False"
"2026-09-09T04:30:06.592Z","D:\Smind\recovery\edge-indexeddb\file__0.indexeddb.leveldb\000120.ldb","utf8","False","False","False"
"2026-09-09T04:30:06.592Z","D:\Smind\recovery\edge-indexeddb\file__0.indexeddb.leveldb\000120.ldb","utf8","False","False","False"
"2026-09-09T04:29:17.084Z","D:\Smind\recovery\edge-indexeddb\file__0.indexeddb.leveldb\000120.ldb","utf8","False","False","False"
"2026-09-09T04:29:17.084Z","D:\Smind\recovery\edge-indexeddb\file__0.indexeddb.leveldb\000120.ldb","utf8","False","False","False"
"2026-09-09T04:29:17.084Z","D:\Smind\recovery\edge-indexeddb\file__0.indexeddb.leveldb\000120.ldb","utf8","False","False","False"
"2026-09-09T04:29:17.084Z","D:\Smind\recovery\edge-indexeddb\file__0.indexeddb.leveldb\000120.ldb","utf8","False","False","False"
"2026-09-09T04:29:12.440Z","D:\Smind\recovery\edge-indexeddb\file__0.indexeddb.leveldb\000120.ldb","utf8","False","False","False"
"2026-09-09T04:29:12.440Z","D:\Smind\recovery\edge-indexeddb\file__0.indexeddb.leveldb\000120.ldb","utf8","False","False","False"
"2026-09-09T04:29:12.440Z","D:\Smind\recovery\edge-indexeddb\file__0.indexeddb.leveldb\000120.ldb","utf8","False","False","False"
"2026-09-09T04:29:12.440Z","D:\Smind\recovery\edge-indexeddb\file__0.indexeddb.leveldb\000120.ldb","utf8","False","False","False"
"2026-09-09T04:29:05.423Z","D:\Smind\recovery\edge-indexeddb\file__0.indexeddb.leveldb\000120.ldb","utf8","False","False","False"
"2026-09-09T04:29:05.423Z","D:\Smind\recovery\edge-indexeddb\file__0.indexeddb.leveldb\000120.ldb","utf8","False","False","False"
"2026-09-09T04:29:05.423Z","D:\Smind\recovery\edge-indexeddb\file__0.indexeddb.leveldb\000120.ldb","utf8","False","False","False"
"2026-09-09T04:29:05.423Z","D:\Smind\recovery\edge-indexeddb\file__0.indexeddb.leveldb\000120.ldb","utf8","False","False","False"
"2026-09-09T04:29:03.694Z","D:\Smind\recovery\edge-indexeddb\file__0.indexeddb.leveldb\000120.ldb","utf8","False","False","False"
"2026-09-09T04:29:03.694Z","D:\Smind\recovery\edge-indexeddb\file__0.indexeddb.leveldb\000120.ldb","utf8","False","False","False"
"2026-09-09T04:29:03.694Z","D:\Smind\recovery\edge-indexeddb\file__0.indexeddb.leveldb\000120.ldb","utf8","False","False","False"
"2026-09-09T04:29:03.694Z","D:\Smind\recovery\edge-indexeddb\file__0.indexeddb.leveldb\000120.ldb","utf8","False","False","False"
"2026-09-09T04:28:47.338Z","D:\Smind\recovery\edge-indexeddb\file__0.indexeddb.leveldb\000120.ldb","utf8","False","False","False"
"2026-09-09T04:28:47.338Z","D:\Smind\recovery\edge-indexeddb\file__0.indexeddb.leveldb\000120.ldb","utf8","False","False","False"
"2026-09-09T04:28:47.338Z","D:\Smind\recovery\edge-indexeddb\file__0.indexeddb.leveldb\000120.ldb","utf8","False","False","False"
"2026-09-09T04:28:47.338Z","D:\Smind\recovery\edge-indexeddb\file__0.indexeddb.leveldb\000120.ldb","utf8","False","False","False"
"2026-09-09T04:20:20.931Z","D:\Smind\recovery\edge-indexeddb\file__0.indexeddb.leveldb\000120.ldb","utf8","False","False","False"
"2026-09-09T04:20:20.931Z","D:\Smind\recovery\edge-indexeddb\file__0.indexeddb.leveldb\000120.ldb","utf8","False","False","False"
"2026-09-09T04:20:20.931Z","D:\Smind\recovery\edge-indexeddb\file__0.indexeddb.leveldb\000120.ldb","utf8","False","False","False"
"2026-09-09T04:20:20.931Z","D:\Smind\recovery\edge-indexeddb\file__0.indexeddb.leveldb\000120.ldb","utf8","False","False","False"
"2026-09-09T04:20:17.980Z","D:\Smind\recovery\edge-indexeddb\file__0.indexeddb.leveldb\000120.ldb","utf8","False","False","False"
"2026-09-09T04:20:17.980Z","D:\Smind\recovery\edge-indexeddb\file__0.indexeddb.leveldb\000120.ldb","utf8","False","False","False"
"2026-09-09T04:20:17.980Z","D:\Smind\recovery\edge-indexeddb\file__0.indexeddb.leveldb\000120.ldb","utf8","False","False","False"
"2026-09-09T04:20:17.980Z","D:\Smind\recovery\edge-indexeddb\file__0.indexeddb.leveldb\000120.ldb","utf8","False","False","False"
"2026-09-09T04:20:04.359Z","D:\Smind\recovery\edge-indexeddb\file__0.indexeddb.leveldb\000120.ldb","utf8","False","False","False"
"2026-09-09T04:20:04.359Z","D:\Smind\recovery\edge-indexeddb\file__0.indexeddb.leveldb\000120.ldb","utf8","False","False","False"
"2026-09-09T04:20:04.359Z","D:\Smind\recovery\edge-indexeddb\file__0.indexeddb.leveldb\000120.ldb","utf8","False","False","False"
"2026-09-09T04:20:04.359Z","D:\Smind\recovery\edge-indexeddb\file__0.indexeddb.leveldb\000120.ldb","utf8","False","False","False"
"2026-09-09T04:19:43.116Z","D:\Smind\recovery\edge-indexeddb\file__0.indexeddb.leveldb\000120.ldb","utf8","False","False","False"
"2026-09-09T04:19:43.116Z","D:\Smind\recovery\edge-indexeddb\file__0.indexeddb.leveldb\000120.ldb","utf8","False","False","False"
"2026-09-09T04:19:43.116Z","D:\Smind\recovery\edge-indexeddb\file__0.indexeddb.leveldb\000120.ldb","utf8","False","False","False"
"2026-09-09T04:19:43.116Z","D:\Smind\recovery\edge-indexeddb\file__0.indexeddb.leveldb\000120.ldb","utf8","False","False","False"
"2026-09-09T04:18:01.676Z","D:\Smind\recovery\edge-indexeddb\file__0.indexeddb.leveldb\000120.ldb","utf8","False","False","False"
"2026-09-09T04:18:01.676Z","D:\Smind\recovery\edge-indexeddb\file__0.indexeddb.leveldb\000120.ldb","utf8","False","False","False"
"2026-09-09T04:18:01.676Z","D:\Smind\recovery\edge-indexeddb\file__0.indexeddb.leveldb\000120.ldb","utf8","False","False","False"
"2026-09-09T04:18:01.676Z","D:\Smind\recovery\edge-indexeddb\file__0.indexeddb.leveldb\000120.ldb","utf8","False","False","False"
"2026-09-09T04:17:44.544Z","D:\Smind\recovery\edge-indexeddb\file__0.indexeddb.leveldb\000120.ldb","utf8","False","False","False"
"2026-09-09T04:17:44.544Z","D:\Smind\recovery\edge-indexeddb\file__0.indexeddb.leveldb\000120.ldb","utf8","False","False","False"
"2026-09-09T04:17:44.544Z","D:\Smind\recovery\edge-indexeddb\file__0.indexeddb.leveldb\000120.ldb","utf8","False","False","False"
"2026-09-09T04:17:44.544Z","D:\Smind\recovery\edge-indexeddb\file__0.indexeddb.leveldb\000120.ldb","utf8","False","False","False"
"2026-09-08T15:55:47.897Z","D:\Smind\recovery\edge-indexeddb\file__0.indexeddb.blob\3\02\296","utf8","False","False","False"
"2026-09-04T11:04:18.533Z","D:\Smind\recovery\edge-indexeddb\file__0.indexeddb.blob\1\1b\1bf9","utf8","False","False","False"
